{
  "controller/InitialRightScreen.controller.js": 1723329956000,
  "i18n/i18n_pt.properties": 1723340682000,
  "i18n/i18n_es.properties": 1723340923000,
  "i18n/i18n_en.properties": 1723340228000,
  "i18n/i18n_pt_BR.properties": 1723340701000,
  "model/models.js": 1723326696000,
  "manifest.json": 1723760030248,
  "controller/OfficalRightScreen.controller.js": 1723329956000,
  "controller/LeftScreen.controller.js": 1723749237888,
  "i18n/i18n.properties": 1723340148000,
  "controller/App.controller.js": 1723329956000,
  "Component.js": 1723329956000,
  "Component-preload.js": 1723760030766,
  "controller/LeftScreen-dbg.controller.js": 1723749237888,
  "controller/OfficalRightScreen-dbg.controller.js": 1723329956000,
  "model/models-dbg.js": 1723326696000,
  "controller/InitialRightScreen-dbg.controller.js": 1723329956000,
  "controller/App-dbg.controller.js": 1723329956000,
  "Component-dbg.js": 1723329956000,
  "resources/images/SAP_AI_Core_Service_Icon.svg": 1723326696000,
  "view/OfficalRightScreen.view.xml": 1723338792000,
  "view/LeftScreen.view.xml": 1723343252000,
  "view/InitialRightScreen.view.xml": 1723339271000,
  "view/FileUploading.fragment.xml": 1723413233000,
  "view/FileManagement.fragment.xml": 1723340179000,
  "view/App.view.xml": 1723329956000,
  "css/style.css": 1723326696000,
  "index.html": 1723329956000,
  ".DS_Store": 1723345939000
}