{
  "controller/InitialRightScreen-dbg.controller.js": 1724442972381,
  "i18n/i18n_pt.properties": 1724442972379,
  "i18n/i18n_es.properties": 1724442972380,
  "i18n/i18n_en.properties": 1724442972381,
  "i18n/i18n_pt_BR.properties": 1724442972379,
  "controller/InitialRightScreen.controller.js": 1724442972381,
  "model/models.js": 1723326696000,
  "controller/OfficalRightScreen.controller.js": 1724442972381,
  "controller/LeftScreen.controller.js": 1724442972381,
  "manifest.json": 1724443323272,
  "controller/App.controller.js": 1724442972381,
  "Component.js": 1724442972379,
  "Component-preload.js": 1724443323395,
  "i18n/i18n.properties": 1724442972380,
  "controller/OfficalRightScreen-dbg.controller.js": 1724442972381,
  "controller/LeftScreen-dbg.controller.js": 1724442972381,
  "model/models-dbg.js": 1723326696000,
  "controller/App-dbg.controller.js": 1724442972381,
  "Component-dbg.js": 1724442972379,
  "resources/images/SAP_AI_Core_Service_Icon.svg": 1723326696000,
  "css/style.css": 1723326696000,
  "view/OfficalRightScreen.view.xml": 1724442972380,
  "view/LeftScreen.view.xml": 1724442972381,
  "view/InitialRightScreen.view.xml": 1724442972381,
  "view/FileUploading.fragment.xml": 1723413233000,
  "view/FileManagement.fragment.xml": 1724376241189,
  "view/App.view.xml": 1724442972381,
  "index.html": 1724442972379,
  ".DS_Store": 1723345939000
}