{
  "controller/OfficalRightScreen.controller.js": 1723329956044,
  "i18n/i18n_pt.properties": 1723340682433,
  "i18n/i18n_es.properties": 1723340923209,
  "i18n/i18n_en.properties": 1723340228899,
  "i18n/i18n.properties": 1723340148715,
  "controller/App.controller.js": 1723329956038,
  "model/models.js": 1723326696445,
  "i18n/i18n_pt_BR.properties": 1723340701864,
  "controller/LeftScreen.controller.js": 1723329956051,
  "controller/InitialRightScreen.controller.js": 1723329956055,
  "manifest.json": 1723345782649,
  "Component.js": 1723329956028,
  "Component-preload.js": 1723345783275,
  "controller/LeftScreen-dbg.controller.js": 1723329956051,
  "controller/OfficalRightScreen-dbg.controller.js": 1723329956044,
  "model/models-dbg.js": 1723326696445,
  "controller/InitialRightScreen-dbg.controller.js": 1723329956055,
  "controller/App-dbg.controller.js": 1723329956038,
  "Component-dbg.js": 1723329956028,
  "resources/images/SAP_AI_Core_Service_Icon.svg": 1723326696446,
  "view/OfficalRightScreen.view.xml": 1723338792544,
  "view/LeftScreen.view.xml": 1723343252921,
  "view/InitialRightScreen.view.xml": 1723339271155,
  "view/FileUploading.fragment.xml": 1723340213278,
  "view/FileManagement.fragment.xml": 1723340179659,
  "view/App.view.xml": 1723329956038,
  "css/style.css": 1723326696444,
  "index.html": 1723329956029,
  ".DS_Store": 1723340450912
}