{
  "welcomeFile": "/index.html",
  "authenticationMethod": "route",
  "routes": [
    {
      "source": "^/odata/v4/chat/(.*)$",
      "target": "/odata/v4/chat/$1",
      "destination": "capaichat-srv",
      "authenticationType": "xsuaa",
      "csrfProtection": false,
      "cacheControl": "no-cache, no-store, must-revalidate"
    },
    {
      "source": "^/odata/v4/embedding-storage/(.*)$",
      "target": "/odata/v4/embedding-storage/$1",
      "destination": "capaichat-srv",
      "authenticationType": "xsuaa",
      "csrfProtection": false,
      "cacheControl": "no-cache, no-store, must-revalidate"
    },
    {
      "source": "^/user-api/currentUser$",
      "target": "/currentUser",
      "service": "sap-approuter-userapi"
    },
    {
      "source": "^/resources/(.*)$",
      "target": "/resources/$1",
      "authenticationType": "none",
      "destination": "ui5"
    },
    {
      "source": "^/test-resources/(.*)$",
      "target": "/test-resources/$1",
      "authenticationType": "none",
      "destination": "ui5"
    },
    {
      "source": "^(.*)$",
      "target": "$1",
      "service": "html5-apps-repo-rt",
      "authenticationType": "xsuaa"
    }
  ]
}
